{"7": [[0.2805059999999999, 9.173919999999999, 4.00334, 4.21618, 5.64064, -3.725403000000001, 3.334786, 2.95126, -3.57186, -3.0571200000000003, 1.072706, 2.9076600000000004, -5.5583100000000005, -6.621, -5.503108, -5.31802, 2.4788380000000005, -1.0757092000000001, -1.1734399999999998, -2.6664000000000003, 1.8854020000000002, -9.27608, -3.7400800000000003, 4.708886, 3.4611600000000005, 1.3519219999999996, 5.665820000000001, -3.1550380000000002, -3.7534199999999998, 0.7099400000000001, 4.100339999999999, 2.0295199999999998, -3.25246, -2.7298, -6.324800000000001, -9.00758, 0.9250319999999999, -0.37026000000000037, -3.226018, -0.010878800000000055, -3.668224, -1.6438199999999998, -0.30864000000000014, 6.33142, 4.0912999999999995, 5.981199999999999, 9.06662, -3.38714, -0.16034799999999977, 0.13748000000000077]], "10": [[-0.5242199999999999, -2.6793240000000003, -4.029100000000001, -7.705920000000001, -1.5656953999999998, 8.41426, -2.62572, 5.909180000000001, 5.416092000000001, 3.75754, 0.6863363600000001, -5.433548, 0.5278799999999999, -9.493904, -5.65452, -4.727359999999999, -6.578920000000001, 0.5521400000000001, 9.812499999999998, -0.9294999999999998, -8.415920000000002, -1.399962, 3.4177679999999997, 2.4828, -2.35704, -1.75336, -3.7312, 0.7647800000000003, 2.00498, 3.781174, 5.465999999999999, -1.1806999999999999, -1.12456, 8.07166, 5.416392, -3.734816, 9.17164, 10.5094, 7.270732, 9.079699999999999, -6.7354, -0.016647200000000063, 2.4066520000000002, -0.06347399999999989, -2.9925200000000003, 3.6844200000000003, 5.57718, -0.399966, 6.206159999999999, -5.327703399999999]], "12": [[1.2765799999999998, -2.2356380000000002, -9.72218, -8.47046, -3.6997799999999996, -0.6215339999999999, -0.12038940000000001, 4.961162, 11.16746, -0.8821200000000001, -11.48704, -14.8886, -4.25396, -3.53142, 0.9716225999999999, -7.272540000000001, -3.5879478000000007, -1.5714359999999998, 5.857999999999999, -5.167864, 1.79864, 1.9272679999999998, 8.254180000000002, -1.8339759999999998, 13.57628, 6.1063, 5.383866, -1.8428140000000002, 6.64044, 3.8599200000000002, -1.559546, -1.1488800000000001, 7.386439999999999, 3.006764, 5.009753999999999, -0.6328600000000003, -1.165938, -5.010859999999999, 2.385672, -2.44992, -2.29821, -6.70702, -4.01924, -5.347268, -3.2600299999999995, -0.29884000000000005, 1.8222200000000002, 0.8555659999999999, 2.577824, 3.0727800000000003]]}