{"7": [[-4.39086, -1.5176980000000002, -2.567706, -0.9628059999999999, -0.35166, -6.026739999999999, 5.372126, 3.1714366, -4.0693839999999994, -5.93382, -2.0732440000000003, 0.220948, -5.424259999999999, -8.522459999999999, -4.64647, -3.1374199999999997, 2.3625, 2.9423539999999995, 1.251274, -3.7493158, 2.13166, -3.8074, -0.722114, 5.58588, 4.181900000000001, 3.2131, 5.337072, -1.8962294, -3.5105600000000003, -0.09456000000000006, 4.66236, 3.95916, 0.1104499999999999, 1.8868439999999995, -0.9129400000000001, -4.27594, 4.172680000000001, 1.4868, 2.2849580000000005, 5.54468, -0.7515880000000001, -1.2216559999999999, 0.512116, 6.8776600000000006, 3.1306439999999998, 3.9419199999999996, 3.900416, -5.9847, -3.2160999999999995, -0.22315400000000016]], "10": [[-5.33488, -2.92056, -4.88188, -6.7125, -3.64974, 3.4601119999999996, -4.52676, -0.835148, -0.7385400000000001, 0.04450200000000013, -0.9922485999999999, -3.6597, -2.94352, -5.83494, 4.17512, 2.2263900000000003, 0.5980559999999999, 4.5020880000000005, 10.004240000000001, 1.15516, -5.2685200000000005, -2.117802, 2.711122, 1.7429999999999999, -0.028047999999999983, 1.36507, -2.3322982000000003, -0.8097599999999996, 0.6334440000000001, 4.337739999999999, 6.017860000000001, 2.2055800000000003, 0.67918, 3.130688, 0.7807839999999999, -7.895479999999999, 3.24632, 7.2036999999999995, 3.8481120000000004, 5.11486, -6.5354399999999995, 1.2959599999999998, 3.6482799999999997, -1.69343, -0.881202, 0.46541799999999983, 4.964148, 0.9308979999999998, 5.0379000000000005, -2.2934200000000002]], "12": [[-6.287719999999999, -5.601439999999999, -7.447, -8.57684, -5.33536, -2.12952, -2.0134572000000004, 3.68468, 6.67342, 1.0317200000000002, -5.63776, -8.8793, -2.547196, -1.317868, 1.5128240000000002, -2.7186199999999996, -1.7349320000000001, 1.7485320000000002, 6.588205999999998, -3.1581400000000004, 0.21932400000000002, 1.2667823999999999, 3.7026799999999995, 4.76566, 15.656600000000001, 8.497620000000001, 5.24706, -2.0678600000000005, 7.068160000000001, 0.5433540000000002, -2.541652, -0.983128, 5.9061200000000005, 3.603568, 1.58314, -4.665412, -4.3796, -4.0548, 3.46464, -7.762562, -3.39518, -5.130459999999999, -2.0948, -4.25238, -3.51372, -1.7950599999999999, 0.412856, -3.59018, -2.5003599999999997, 1.8502914000000001]]}